model_name,acc,model_size_mb,parameter_count,avg_inference_latency_64,std_inference_latency_64,avg_inference_latency_1,std_inference_latency_1
mnist,0.9385938593859386,5.883839,1470474,0.0013329408730670905,0.00015313183800845417,0.0001267622632853495,7.931996021353464e-06
sst,0.8119266055045872,5.652849,1412610,0.0010027953556605747,3.19563286115864e-05,0.00015513984435195223,3.554871816429752e-06
