model_name,acc,model_size_mb,parameter_count,avg_inference_latency_64,std_inference_latency_64,avg_inference_latency_1,std_inference_latency_1,model_size
mnist,0.9411941194119412,5.883839,1470474,0.0005422801728461199,0.00011336873448196703,6.376058653076002e-05,5.088073975139941e-06,
sst,0.819954128440367,,1412610,0.0006016629082815988,2.821245048805144e-05,7.584997273366385e-05,4.373535918128275e-07,5.652849
